timestamp,ax,ay,az,label
32546,-11.23,-1.82,-1.29,Correct
32569,-9.41,-2.2,-0.18,Correct
32592,-10.25,-2.32,-1.54,Correct
32615,-15.04,-0.82,-3.91,Correct
32638,-10.41,-3.58,-3.49,Correct
32661,-10.47,-3.19,-2.19,Correct
32684,-8.63,-7.25,7.39,Correct
32707,-7.07,-1.2,3.71,Correct
32730,-9.66,-4.2,1.98,Correct
32753,-9.09,-0.46,3.22,Correct
32776,-7.02,1.34,3.89,Correct
32799,-7.75,-0.8,4.08,Correct
32822,-3.5,-2.07,7.4,Correct
32845,-6.73,-2.29,4.77,Correct
32868,-7.24,-2.54,4.32,Correct
32891,-5.91,-3.65,5.63,Correct
32914,-3.36,-3.87,6.78,Correct
32937,-4.13,-3.03,6.75,Correct
32960,-4.45,-2.59,7.14,Correct
32983,-4.99,-4.19,5.33,Correct
33006,-1.06,-4.36,8.86,Correct
33029,-1.87,-2.85,7.05,Correct
33052,-0.96,-3.1,9.21,Correct
33075,1.45,-2.94,10.88,Correct
33098,1.53,-2.74,11.3,Correct
33121,-1.86,0.68,7.43,Correct
33144,4.47,-1.93,13.13,Correct
33167,2.24,-3.62,10.47,Correct
33190,3.66,-4.19,11.3,Correct
33213,3.61,-3.32,11.17,Correct
33236,3.97,-0.8,11.77,Correct
33259,3.49,0.38,12.2,Correct
33282,3.63,1.25,12.35,Correct
33305,3.95,1.51,12.64,Correct
33328,3.09,1.08,11.97,Correct
33351,2.79,1.94,11.95,Correct
33374,2.97,0.21,12.16,Correct
33397,2.88,-3.0,11.93,Correct
33420,1.22,-2.1,9.81,Correct
33443,-1.59,-1.39,7.37,Correct
33466,1.24,-4.06,10.98,Correct
33489,1.31,-6.91,10.63,Correct
33512,-0.29,-6.31,8.64,Correct
33535,-1.74,-3.75,8.39,Correct
33558,-0.49,-3.06,9.57,Correct
33581,-1.9,-3.4,8.66,Correct
33604,-1.51,-2.09,9.34,Correct
33627,-2.92,-1.8,8.11,Correct
33650,-4.18,-1.31,7.01,Correct
33673,-2.79,0.42,9.7,Correct
33696,-2.95,0.94,9.17,Correct
33719,-1.23,1.14,9.64,Correct
33742,0.14,2.35,9.29,Correct
33765,-7.19,3.71,2.2,Correct
33788,-6.54,5.34,3.5,Correct
33811,-9.78,4.53,3.35,Correct
33834,-7.58,3.85,1.92,Correct
33857,-12.98,0.56,7.86,Correct
33880,-5.84,1.16,3.55,Correct
33903,-14.07,-3.17,-4.84,Correct
33926,-7.95,-9.32,-2.42,Correct
33949,-8.99,-8.23,-2.07,Correct
33972,-10.32,-7.26,-2.59,Correct
33995,-9.52,-5.97,-2.0,Correct
34018,-8.58,-5.55,0.09,Correct
34041,-9.97,-3.34,-0.88,Correct
34064,-9.68,-2.44,0.19,Correct
34087,-9.86,-2.77,0.59,Correct
34110,-10.48,-2.23,-0.96,Correct
34133,-10.58,-2.86,-1.85,Correct
34156,-10.23,-2.1,2.61,Correct
34179,-11.05,-0.97,-0.81,Correct
34202,-7.08,-1.2,2.16,Correct
34225,-11.53,-2.0,-1.22,Correct
34248,-15.63,-1.31,-8.0,Correct
34271,-9.66,-0.62,-0.57,Correct
34294,-8.67,-0.68,1.96,Correct
34317,-8.35,0.1,2.72,Correct
34340,-11.27,-0.34,1.57,Correct
34363,-6.73,-0.41,2.01,Correct
34386,-9.39,-3.28,1.99,Correct
34409,-6.03,-3.16,3.91,Correct
34432,-7.09,-2.97,2.92,Correct
34455,-3.76,-4.27,5.88,Correct
34478,-3.71,-4.43,6.1,Correct
34501,-5.0,-3.87,5.52,Correct
34524,-3.96,-2.85,5.67,Correct
34547,-2.71,-3.6,7.18,Correct
34570,-2.12,-4.22,7.45,Correct
34593,-1.85,-4.33,7.16,Correct
34616,-1.64,-5.75,7.76,Correct
34639,1.52,-5.35,9.93,Correct
34662,2.98,-4.9,11.92,Correct
34685,0.19,-3.39,9.01,Correct
34708,1.89,-3.75,9.86,Correct
34731,3.7,-2.63,11.95,Correct
34754,3.15,-0.42,11.2,Correct
34777,4.18,0.7,12.66,Correct
34800,4.04,1.84,12.87,Correct
34823,3.98,3.15,12.74,Correct
34846,3.45,3.17,12.77,Correct
34869,3.66,0.22,12.13,Correct
34892,2.76,-2.61,11.15,Correct
34915,1.73,-2.01,10.69,Correct
34938,2.5,-2.55,11.56,Correct
34961,2.88,-4.03,11.39,Correct
34984,0.73,-2.64,9.48,Correct
35007,-0.34,-2.42,9.89,Correct
35030,0.77,-3.15,10.01,Correct
35053,-0.88,-2.74,9.73,Correct
35076,0.08,-2.81,10.58,Correct
35099,-0.39,-3.47,9.43,Correct
35122,-1.54,-2.79,9.4,Correct
35145,-1.42,-1.6,9.69,Correct
35168,-2.09,-1.58,9.19,Correct
35191,-2.39,-1.42,8.88,Correct
35214,-3.75,-0.5,8.49,Correct
35237,-3.07,-0.13,8.9,Correct
35260,-3.72,-0.56,8.2,Correct
35283,-2.39,-0.09,8.89,Correct
35306,-5.0,0.37,5.79,Correct
35329,-1.86,1.57,9.25,Correct
35352,-4.68,1.14,3.29,Correct
35375,-6.36,-0.23,4.7,Correct
35398,-5.75,2.28,3.13,Correct
35421,-13.51,1.11,-1.75,Correct
35444,-15.85,-0.25,-9.95,Correct
35467,-11.9,-5.56,-8.42,Correct
35490,-8.88,-3.36,-2.67,Correct
35513,-9.28,-6.5,-1.15,Correct
35536,-9.56,-5.65,-1.55,Correct
35559,-8.12,-5.74,-0.2,Correct
35582,-10.49,-3.3,-1.29,Correct
35605,-9.52,-1.4,0.38,Correct
35628,-10.56,-0.59,-0.24,Correct
35651,-10.53,-0.89,0.57,Correct
35674,-10.95,-0.18,-0.08,Correct
35697,-8.94,-1.04,1.19,Correct
35720,-11.51,-2.04,-2.62,Correct
35743,-14.48,-1.73,-6.05,Correct
35766,-8.07,-3.87,2.5,Correct
35789,-4.06,-3.72,5.88,Correct
35812,-7.56,-2.22,4.87,Correct
35835,-8.63,-0.69,3.63,Correct
35858,-9.82,-0.74,2.09,Correct
35881,-10.36,-0.76,1.18,Correct
35904,-9.22,-2.61,2.43,Correct
35927,-6.0,-3.75,5.08,Correct
35950,-8.73,-3.19,1.69,Correct
35973,-6.71,-3.99,4.33,Correct
35996,-5.01,-2.71,5.52,Correct
36019,-5.71,-3.09,6.6,Correct
36042,-7.06,-3.4,3.97,Correct
36065,-4.96,-4.78,5.29,Correct
36088,-3.39,-4.37,6.91,Correct
36111,-3.73,-2.67,7.01,Correct
36134,-3.05,-2.87,7.3,Correct
36157,-1.45,-5.56,7.93,Correct
36180,-2.49,-4.99,7.05,Correct
36203,-0.7,-3.67,8.44,Correct
36226,0.59,-1.8,10.26,Correct
36249,2.57,-1.87,12.22,Correct
36272,-2.02,-0.04,6.8,Correct
36295,5.0,-2.17,13.19,Correct
36318,1.55,-1.68,10.46,Correct
36341,3.84,-2.3,12.44,Correct
36364,3.02,-1.57,11.52,Correct
36387,4.07,-1.6,12.04,Correct
36410,4.28,-0.16,12.12,Correct
36433,4.22,-1.87,12.28,Correct
36456,3.63,-3.73,11.32,Correct
36479,2.81,-1.83,11.17,Correct
36502,1.76,-0.26,10.79,Correct
36525,1.81,0.05,11.53,Correct
36548,2.11,-0.56,11.37,Correct
36571,2.07,-0.3,11.25,Correct
36594,-0.05,-0.33,9.1,Correct
36617,1.16,-3.74,12.01,Correct
36640,1.88,-5.78,10.04,Correct
36663,-0.03,-4.55,9.64,Correct
36686,-0.89,-3.07,8.84,Correct
36709,-0.38,-3.66,9.81,Correct
36732,-0.99,-3.92,9.05,Correct
36755,-2.53,-2.76,8.42,Correct
36778,-2.45,-1.15,8.89,Correct
36801,-2.64,-0.96,8.61,Correct
36824,-0.66,-1.36,10.28,Correct
36847,-2.38,-1.61,9.22,Correct
36870,-1.96,-0.9,8.12,Correct
36893,-2.91,0.8,5.95,Correct
36916,-7.36,3.04,1.47,Correct
36939,-6.38,1.79,2.76,Correct
36962,-9.17,1.92,-0.16,Correct
36985,-10.83,0.52,1.75,Correct
37008,-16.19,-0.55,-10.81,Correct
37031,-4.31,-8.86,1.62,Correct
37054,-14.64,-4.85,-3.16,Correct
37077,-8.52,-7.26,-1.26,Correct
37100,-9.46,-5.21,-1.17,Correct
37123,-9.68,-3.3,-0.68,Correct
37146,-9.67,-0.89,0.76,Correct
37169,-9.79,0.53,1.43,Correct
37192,-9.62,1.19,2.32,Correct
37215,-10.61,1.77,0.95,Correct
37238,-9.82,0.86,1.54,Correct
37261,-10.12,0.27,1.1,Correct
37284,-9.99,-1.09,0.5,Correct
37307,-10.72,-1.47,-1.66,Correct
37330,-12.95,-1.03,-2.59,Correct
37353,-10.76,-1.47,-1.47,Correct
37376,-7.94,-2.45,2.35,Correct
37399,-6.74,-3.25,4.03,Correct
37422,-9.41,-0.67,1.93,Correct
37445,-10.17,-1.32,2.52,Correct
37468,-11.79,-1.57,0.69,Correct
37491,-6.58,-3.39,5.04,Correct
37514,-7.75,-3.79,2.91,Correct
37537,-7.04,-3.42,4.51,Correct
37560,-5.85,-2.4,5.66,Correct
37583,-5.68,-3.07,5.58,Correct
37606,-5.73,-3.98,5.2,Correct
37629,-5.68,-4.36,4.5,Correct
37652,-5.91,-4.67,5.01,Correct
37675,-4.55,-3.9,5.23,Correct
37698,-2.65,-3.85,8.09,Correct
37721,-2.79,-3.53,7.65,Correct
37744,-2.77,-5.65,6.93,Correct
37767,-1.27,-7.05,7.13,Correct
37790,-0.69,-5.54,7.65,Correct
37813,1.57,-4.63,10.8,Correct
37836,1.01,-2.62,10.21,Correct
37859,-0.55,-0.94,6.76,Correct
37882,3.45,-1.21,12.04,Correct
37905,2.22,-0.41,10.54,Correct
37928,3.31,1.14,11.57,Correct
37951,3.59,1.57,11.88,Correct
37974,3.7,-0.06,11.88,Correct
37997,4.15,0.17,12.31,Correct
38020,4.14,0.1,12.28,Correct
38043,4.22,-0.65,12.32,Correct
38066,4.24,-1.0,12.14,Correct
38089,3.5,-0.94,11.58,Correct
38112,2.95,-1.75,11.14,Correct
38135,3.06,-2.0,11.36,Correct
38158,2.4,-1.71,11.15,Correct
38181,2.89,-1.43,11.24,Correct
38204,2.96,-1.31,11.79,Correct
38227,-3.53,-2.15,7.31,Correct
38250,1.16,-2.23,10.59,Correct
38273,-2.79,-3.33,7.53,Correct
38296,-0.51,-3.72,9.81,Correct
38319,-2.02,-3.56,8.67,Correct
38342,-1.39,-3.25,10.01,Correct
38365,-1.68,-3.18,9.13,Correct
38388,-2.92,-1.62,8.37,Correct
38411,-2.29,-0.41,9.77,Correct
38434,-2.46,-1.03,9.22,Correct
38457,-3.96,-0.29,8.04,Correct
38480,-3.23,1.01,9.34,Correct
38503,-4.03,2.61,8.7,Correct
38526,-4.2,0.53,7.14,Correct
38549,-2.17,-1.06,7.9,Correct
38572,-4.59,-2.78,4.3,Correct
38595,-3.32,-4.78,4.75,Correct
38618,-9.07,-6.36,0.56,Correct
38641,-7.01,-6.92,1.0,Correct
38664,-9.02,-5.54,2.49,Correct
38687,-14.3,-4.29,2.02,Correct
38710,-8.95,-4.65,0.16,Correct
38733,-11.28,-6.98,-3.42,Correct
38756,-7.45,-4.19,0.53,Correct
38779,-11.79,-3.83,-0.55,Correct
38802,-8.79,-3.56,-0.75,Correct
38825,-10.84,-3.04,-0.79,Correct
38848,-8.29,-2.03,3.11,Correct
38871,-10.23,-0.57,1.55,Correct
38894,-9.69,-0.18,1.58,Correct
38917,-12.48,-0.49,-2.38,Correct
38940,-11.91,-0.27,-2.19,Correct
38963,-10.88,-4.93,6.1,Correct
38986,-4.87,0.96,5.59,Correct
39009,-10.92,-1.85,2.14,Correct
39032,-9.47,-1.7,1.82,Correct
39055,-9.32,-1.0,3.2,Correct
39078,-8.22,-1.25,3.58,Correct
39101,-7.52,-1.81,3.88,Correct
39124,-7.26,-2.31,4.19,Correct
39147,-5.18,-2.6,5.64,Correct
39170,-5.92,-3.69,5.3,Correct
39193,-4.99,-3.01,6.26,Correct
39216,-3.88,-4.13,6.69,Correct
39239,-4.02,-3.9,6.96,Correct
39262,-3.1,-3.18,8.09,Correct
39285,-3.81,-3.04,6.34,Correct
39308,-2.37,-3.17,7.79,Correct
39331,-2.71,-3.33,7.54,Correct
39354,-0.59,-3.81,8.67,Correct
39377,1.21,-3.31,10.15,Correct
39400,0.91,-3.14,11.14,Correct
39423,-0.14,-3.13,8.82,Correct
39446,0.44,-3.02,9.22,Correct
39469,3.05,-3.81,11.21,Correct
39492,2.21,-3.78,10.43,Correct
39515,2.94,-2.64,11.36,Correct
39538,3.47,-1.3,11.67,Correct
39561,3.34,0.91,11.75,Correct
39584,3.87,1.07,12.41,Correct
39607,4.02,1.34,12.53,Correct
39630,4.07,1.5,12.82,Correct
39653,3.47,1.74,12.38,Correct
39676,3.74,0.28,12.71,Correct
39699,2.59,-0.79,11.39,Correct
39722,2.25,-1.53,11.0,Correct
39745,1.47,-1.57,10.54,Correct
39768,-0.04,-1.54,8.69,Correct
39791,-2.07,-2.22,9.42,Correct
39814,0.5,-3.37,10.46,Correct
39837,-0.13,-5.99,8.91,Correct
39860,-1.16,-5.63,8.66,Correct
39883,-2.05,-3.94,8.35,Correct
39906,-1.92,-2.32,9.36,Correct
39929,-2.09,-1.62,9.64,Correct
39952,-2.83,-2.15,8.88,Correct
39975,-2.64,-1.66,9.24,Correct
39998,-1.86,-1.62,9.93,Correct
40021,-4.28,-0.93,7.32,Correct
40044,-3.44,0.41,9.27,Correct
40067,-5.08,0.22,6.85,Correct
40090,-4.28,1.7,8.41,Correct
40113,-3.16,0.27,8.26,Correct
40136,-6.51,-0.15,4.13,Correct
40159,-3.65,-1.26,6.89,Correct
40182,-9.12,-1.97,0.94,Correct
40205,-4.01,-3.11,5.44,Correct
40228,-8.43,-4.25,1.89,Correct
40251,-16.22,-5.99,-2.48,Correct
40274,-11.42,-5.83,-0.91,Correct
40297,-11.2,-4.3,-2.97,Correct
40320,-9.87,-4.21,-0.22,Correct
40343,-9.9,-0.74,-1.13,Correct
40366,-8.5,-0.46,2.13,Correct
40389,-11.36,0.62,0.37,Correct
40412,-10.39,2.34,1.57,Correct
40435,-9.88,2.4,2.49,Correct
40458,-9.66,2.59,2.73,Correct
40481,-10.88,2.39,-0.58,Correct
40504,-14.0,3.21,-2.3,Correct
40527,-9.59,2.03,2.14,Correct
40550,-4.2,-0.23,6.78,Correct
40573,-7.34,-0.4,4.73,Correct
40596,-11.31,-2.7,-0.64,Correct
40619,-10.16,-5.19,1.23,Correct
40642,-8.38,-4.15,1.98,Correct
40665,-8.52,-4.87,2.03,Correct
40688,-6.89,-4.54,4.01,Correct
40711,-5.43,-5.35,5.04,Correct
40734,-5.04,-5.65,5.77,Correct
40757,-6.87,-4.76,4.32,Correct
40780,-4.59,-4.75,5.75,Correct
40803,-5.37,-4.52,5.97,Correct
40826,-4.37,-3.61,6.71,Correct
40849,-4.11,-3.03,7.24,Correct
40872,-2.95,-2.53,7.84,Correct
40895,-3.45,-2.19,7.18,Correct
40918,-2.09,-2.56,8.75,Correct
40941,-3.1,-3.13,7.17,Correct
40964,-2.08,-2.36,7.95,Correct
40987,-0.73,-1.15,9.68,Correct
41010,1.82,-0.35,12.33,Correct
41033,-0.16,0.27,9.55,Correct
41056,0.2,-0.14,9.93,Correct
41079,2.74,-1.61,11.57,Correct
41102,2.38,-1.38,11.21,Correct
41125,3.07,-1.39,11.49,Correct
41148,3.2,-0.47,11.5,Correct
41171,3.57,-0.24,11.96,Correct
41194,4.34,-0.31,12.54,Correct
41217,4.1,-0.52,12.28,Correct
41240,3.69,-1.21,12.03,Correct
41263,2.99,-0.57,11.67,Correct
41286,2.5,0.17,11.49,Correct
41309,2.62,-0.1,12.24,Correct
41332,3.14,-1.0,11.9,Correct
41355,2.14,-0.74,10.59,Correct
41378,-0.57,-0.3,8.58,Correct
41401,0.59,-2.78,10.56,Correct
41424,-0.76,-4.01,8.96,Correct
41447,-0.48,-4.61,9.27,Correct
41470,-1.66,-5.04,8.17,Correct
41493,-1.28,-4.81,8.91,Correct
41516,-1.12,-4.36,9.04,Correct
41539,-2.66,-3.25,8.54,Correct
41562,-3.22,-1.58,8.08,Correct
41585,-2.18,-1.78,9.79,Correct
41608,-2.39,-2.4,9.13,Correct
41631,-3.34,-1.95,7.51,Correct
41654,-5.04,-0.22,6.43,Correct
41677,-6.46,1.47,5.55,Correct
41700,-5.14,1.53,6.55,Correct
41723,-7.41,0.24,3.72,Correct
41746,-7.86,-1.41,3.79,Correct
41769,-6.81,-2.83,3.95,Correct
41792,-8.75,-3.26,2.01,Correct
41815,-8.38,-2.67,2.33,Correct
41838,-12.16,-3.36,0.53,Correct
41861,-10.03,-5.06,0.91,Correct
41884,-10.64,-6.41,-0.63,Correct
41907,-8.76,-7.24,-0.97,Correct
41930,-9.61,-6.77,0.35,Correct
41953,-10.01,-4.47,-0.68,Correct
41976,-10.39,-4.41,-0.83,Correct
41999,-9.2,-2.02,1.77,Correct
42022,-9.34,-0.91,2.45,Correct
42045,-10.87,0.12,1.24,Correct
42068,-11.2,0.65,1.1,Correct
42091,-9.45,0.55,2.99,Correct
42114,-8.35,1.03,4.59,Correct
42137,-9.27,-0.57,2.68,Correct
42160,-9.85,-2.22,2.15,Correct
42183,-9.28,-2.63,1.97,Correct
42206,-9.26,-2.3,2.19,Correct
42229,-10.1,-1.16,3.12,Correct
42252,-4.96,-1.58,5.81,Correct
42275,-7.92,-3.56,3.71,Correct
42298,-5.31,-4.68,4.5,Correct
42321,-4.94,-5.69,5.92,Correct
42344,-4.34,-3.58,6.8,Correct
42367,-5.72,-3.46,5.28,Correct
42390,-3.48,-3.51,6.74,Correct
42413,-3.54,-3.15,7.17,Correct
42436,-2.79,-2.9,7.31,Correct
42459,-2.88,-1.49,7.75,Correct
42482,-1.31,-3.29,8.26,Correct
42505,0.4,-3.04,9.23,Correct
42528,0.68,-1.21,11.23,Correct
42551,1.88,0.13,12.42,Correct
42574,-0.18,-0.86,8.67,Correct
42597,3.05,-2.94,11.26,Correct
42620,2.88,-3.75,10.9,Correct
42643,3.36,-4.01,10.81,Correct
42666,3.14,-3.25,11.1,Correct
42689,3.67,-2.42,11.25,Correct
42712,3.71,-1.53,11.54,Correct
42735,3.52,0.04,11.85,Correct
42758,3.7,0.22,11.97,Correct
42781,3.76,-0.53,11.92,Correct
42804,3.75,-0.23,12.29,Correct
42827,3.17,-0.08,11.77,Correct
42850,3.33,-0.01,12.36,Correct
42873,4.34,-1.58,12.37,Correct
42896,1.88,-1.75,9.47,Correct
42919,-0.68,-1.33,7.98,Correct
42942,1.15,-2.84,11.01,Correct
42965,-0.95,-4.0,8.46,Correct
42988,-0.43,-4.96,9.06,Correct
43011,0.08,-6.08,9.16,Correct
43034,-0.77,-5.61,8.52,Correct
43057,-1.25,-4.38,8.6,Correct
43080,-1.33,-3.67,9.03,Correct
43103,-2.1,-2.81,8.52,Correct
43126,-3.37,-1.47,8.08,Correct
43149,-2.93,-0.26,8.56,Correct
43172,-4.62,1.3,7.17,Correct
43195,-4.28,0.65,7.76,Correct
43218,-2.92,-0.0,8.03,Correct
43241,-4.24,-0.54,5.9,Correct
43264,-3.12,0.2,5.26,Correct
43287,-8.95,1.43,1.25,Correct
43310,-9.06,-0.28,1.02,Correct
43333,-10.72,-1.56,3.4,Correct
43356,-14.41,-3.15,-8.26,Correct
43379,-9.46,-9.01,-2.55,Correct
43402,-10.45,-5.95,-3.38,Correct
43425,-8.45,-7.06,-0.06,Correct
43448,-9.95,-5.67,-0.96,Correct
43471,-9.82,-3.85,-1.23,Correct
43494,-10.13,-2.67,0.74,Correct
43517,-9.81,-1.14,0.38,Correct
43540,-9.35,-0.84,1.7,Correct
43563,-10.53,-1.09,-0.49,Correct
43586,-9.5,-1.66,0.74,Correct
43609,-9.72,-1.84,-0.11,Correct
43632,-11.0,-2.05,-1.69,Correct
43655,-13.11,-1.02,-3.0,Correct
43678,-4.35,-3.27,7.13,Correct
43701,-12.64,-4.29,-1.56,Correct
43724,-8.67,-4.26,1.95,Correct
43747,-9.46,-0.93,1.72,Correct
43770,-10.32,-1.39,1.44,Correct
43793,-10.29,-0.83,0.28,Correct
43816,-8.74,-1.53,3.93,Correct
43839,-5.81,0.48,5.47,Correct
43862,-7.23,-2.07,4.15,Correct
43885,-5.08,-2.79,5.95,Correct
43908,-5.21,-3.17,5.22,Correct
43931,-5.35,-3.54,5.97,Correct
43954,-3.39,-3.74,7.74,Correct
43977,-5.42,-3.08,6.62,Correct
44000,-4.8,-2.09,6.9,Correct
44023,-2.9,-1.89,8.04,Correct
44046,-2.8,-2.38,7.8,Correct
44069,-3.22,-1.7,6.95,Correct
44092,-0.88,-1.86,8.41,Correct
44115,-0.66,-1.33,9.11,Correct
44138,1.22,-0.73,11.79,Correct
44161,1.71,1.44,12.23,Correct
44184,1.01,1.09,11.47,Correct
44207,2.04,-1.71,10.78,Correct
44230,2.61,-3.93,11.09,Correct
44253,3.37,-4.18,11.63,Correct
44276,3.23,-3.29,11.29,Correct
44299,3.43,-3.25,11.59,Correct
44322,3.3,-4.13,11.4,Correct
44345,3.11,-3.37,11.48,Correct
44368,2.71,-0.9,11.86,Correct
44391,3.03,-0.37,12.49,Correct
44414,2.53,-1.9,11.46,Correct
44437,0.54,-0.96,9.4,Correct
44460,-0.64,0.47,9.8,Correct
44483,0.44,-0.21,11.04,Correct
44506,0.03,-3.22,10.6,Correct
44529,-0.18,-4.81,9.43,Correct
44552,-1.49,-2.83,9.38,Correct
44575,-0.79,-2.52,10.07,Correct
44598,-1.49,-3.37,9.37,Correct
44621,-1.3,-2.94,9.67,Correct
44644,-1.27,-2.68,9.83,Correct
44667,-0.83,-1.84,10.72,Correct
44690,-1.5,-1.37,9.73,Correct
44713,-0.54,-0.38,10.28,Correct
44736,-0.1,0.17,9.32,Correct
44759,-2.23,0.47,5.47,Correct
44782,-8.58,-1.25,0.18,Correct
44805,-2.9,-2.12,4.51,Correct
44828,-11.08,-0.61,2.12,Correct
44851,-9.04,1.68,2.83,Correct
44874,-9.7,1.98,1.31,Correct
44897,-14.68,-0.94,-5.15,Correct
44920,-9.14,0.24,0.27,Correct
44943,-9.53,-5.44,1.7,Correct
44966,-9.73,-4.68,0.4,Correct
44989,-8.84,-4.9,0.55,Correct
45012,-10.05,-5.01,-0.25,Correct
45035,-9.02,-5.58,0.09,Correct
45058,-8.4,-5.38,0.77,Correct
45081,-8.94,-4.0,1.62,Correct
45104,-10.22,-3.18,0.39,Correct
45127,-8.74,-3.22,1.05,Correct
45150,-8.63,-3.73,1.95,Correct
45173,-10.24,-2.57,0.4,Correct
45196,-9.69,-2.81,0.73,Correct
45219,-10.03,-2.97,0.02,Correct
45242,-10.27,-2.65,0.64,Correct
45265,-9.65,-2.69,0.27,Correct
45288,-10.08,-3.77,-1.19,Correct
45311,-11.9,-3.74,-3.15,Correct
45334,-9.46,-3.38,0.29,Correct
45357,-9.04,-5.01,5.77,Correct
45380,-6.94,-2.38,4.62,Correct
45403,-9.34,-2.52,2.31,Correct
45426,-13.06,-3.05,-1.32,Correct
45449,-7.48,-1.04,3.91,Correct
45472,-8.63,-1.56,3.26,Correct
45495,-6.25,-2.01,5.3,Correct
45518,-5.48,-2.15,5.83,Correct
45541,-6.87,-1.78,4.79,Correct
45564,-5.75,-2.37,5.94,Correct
45587,-6.8,-2.44,5.32,Correct
45610,-5.67,-1.07,5.88,Correct
45633,-4.52,-1.07,7.18,Correct
45656,-4.65,-1.36,6.87,Correct
45679,-6.21,-1.9,4.97,Correct
45702,-2.6,-2.23,8.04,Correct
45725,-1.66,-0.32,8.32,Correct
45748,-2.48,0.02,8.09,Correct
45771,-0.41,0.12,9.91,Correct
45794,1.34,-0.98,11.48,Correct
45817,2.32,0.21,12.68,Correct
45840,0.58,1.9,10.44,Correct
45863,2.3,-1.96,11.13,Correct
45886,2.9,-5.43,10.63,Correct
45909,2.94,-6.26,10.47,Correct
45932,3.21,-5.02,10.72,Correct
45955,3.33,-2.88,11.46,Correct
45978,3.4,-3.03,11.48,Correct
46001,3.73,-2.31,11.66,Correct
46024,3.27,-0.89,11.76,Correct
46047,3.12,0.96,11.89,Correct
46070,2.68,2.13,11.7,Correct
46093,2.89,0.75,11.78,Correct
46116,2.92,-1.18,11.72,Correct
46139,2.52,-0.71,11.48,Correct
46162,1.26,-0.45,10.56,Correct
46185,-1.36,-1.49,8.01,Correct
46208,0.49,-3.39,10.33,Correct
46231,-0.88,-4.41,9.0,Correct
46254,-0.47,-4.42,9.66,Correct
46277,-2.02,-3.48,8.67,Correct
46300,-1.65,-2.96,9.34,Correct
46323,-0.55,-3.34,10.58,Correct
46346,-1.56,-3.19,9.29,Correct
46369,-2.53,-2.66,8.7,Correct
46392,-3.35,-1.1,7.91,Correct
46415,-2.76,0.75,9.38,Correct
46438,-2.77,0.88,8.77,Correct
46461,-4.78,0.78,7.48,Correct
46484,-3.02,1.87,9.16,Correct
46507,-5.24,2.11,6.81,Correct
46530,-3.91,2.37,7.91,Correct
46553,-4.12,2.21,8.21,Correct
46576,-6.99,1.2,3.98,Correct
46599,-6.13,1.54,3.47,Correct
46622,-9.6,2.61,4.29,Correct
46645,-6.17,1.62,4.91,Correct
46668,-11.93,-2.07,-1.52,Correct
46691,-15.25,-0.06,-6.67,Correct
46714,-7.91,-18.22,-4.4,Correct
46737,-8.83,-0.89,-0.83,Correct
46760,-10.83,-6.54,0.27,Correct
46783,-10.52,-2.9,0.05,Correct
46806,-9.41,-0.01,0.96,Correct
46829,-9.75,1.62,1.36,Correct
46852,-9.44,2.49,2.93,Correct
46875,-9.36,2.6,3.69,Correct
46898,-11.34,2.59,0.74,Correct
46921,-8.14,1.77,3.3,Correct
46944,-10.06,0.36,1.02,Correct
46967,-10.08,-1.02,0.52,Correct
46990,-10.95,-1.51,-1.27,Correct
47013,-12.15,-1.28,-2.44,Correct
47036,-11.22,0.29,-0.61,Correct
47059,-8.93,-2.94,2.19,Correct
47082,-6.23,-4.44,3.36,Correct
47105,-10.0,-2.37,2.15,Correct
47128,-9.97,-1.9,1.62,Correct
47151,-9.57,-2.99,2.3,Correct
47174,-8.28,-3.19,3.52,Correct
47197,-7.98,-2.99,2.92,Correct
47220,-6.05,-3.42,5.72,Correct
47243,-5.47,-3.12,6.34,Correct
47266,-7.86,-3.4,3.47,Correct
47289,-6.37,-3.91,5.6,Correct
47312,-5.24,-3.9,5.94,Correct
47335,-6.3,-3.13,5.88,Correct
47358,-5.06,-1.31,6.75,Correct
47381,-4.32,-1.21,7.48,Correct
47404,-4.89,-1.63,6.09,Correct
47427,-4.47,-3.11,6.76,Correct
47450,-2.03,-1.88,7.54,Correct
47473,-2.17,-2.71,8.35,Correct
47496,-0.09,-0.72,10.06,Correct
47519,0.2,0.75,10.28,Correct
47542,1.15,-1.05,11.62,Correct
47565,1.83,-1.19,10.98,Correct
47588,1.37,-0.17,10.22,Correct
47611,2.45,-1.55,11.42,Correct
47634,2.5,-3.12,10.74,Correct
47657,2.71,-4.36,10.61,Correct
47680,3.07,-3.55,11.26,Correct
47703,3.33,-2.77,11.63,Correct
47726,2.91,-0.41,11.34,Correct
47749,2.86,0.02,11.4,Correct
47772,2.93,-0.52,11.3,Correct
47795,2.92,-0.01,11.61,Correct
47818,3.63,0.62,12.79,Correct
47841,4.15,-1.13,12.85,Correct
47864,2.83,-1.9,10.9,Correct
47887,1.58,0.47,10.34,Correct
47910,1.78,-0.08,11.17,Correct
47933,0.66,-2.0,10.01,Correct
47956,0.4,-3.65,9.78,Correct
47979,0.11,-4.38,9.49,Correct
48002,-1.5,-3.23,8.45,Correct
48025,-0.1,-2.55,10.47,Correct
48048,0.25,-3.33,10.37,Correct
48071,-1.84,-3.17,7.9,Correct
48094,-3.54,-2.15,8.36,Correct
48117,-1.87,-1.47,9.22,Correct
48140,-1.98,-2.78,9.25,Correct
48163,-3.75,-1.62,6.51,Correct
48186,-3.02,0.19,8.49,Correct
48209,-5.16,1.84,6.1,Correct
48232,-5.8,2.52,6.19,Correct
48255,-5.97,3.21,5.2,Correct
48278,-6.31,2.22,4.34,Correct
48301,-10.32,1.93,2.03,Correct
48324,-9.9,0.45,-0.25,Correct
48347,-14.23,-1.81,3.35,Correct
48370,-8.4,0.06,3.38,Correct
48393,-10.68,-2.96,1.03,Correct
48416,-10.16,-4.51,-0.72,Correct
48439,-9.28,-6.16,-0.93,Correct
48462,-9.6,-6.97,-0.76,Correct
48485,-8.77,-6.55,0.2,Correct
48508,-9.04,-6.08,1.15,Correct
48531,-9.36,-4.72,0.58,Correct
48554,-8.66,-3.22,1.85,Correct
48577,-9.47,-1.23,1.89,Correct
48600,-10.17,0.69,1.1,Correct
48623,-10.69,0.77,0.26,Correct
48646,-8.54,0.09,2.45,Correct
48669,-10.18,-1.05,0.77,Correct
48692,-9.41,-2.1,0.38,Correct
48715,-10.91,-2.77,-2.3,Correct
48738,-6.53,-3.63,4.42,Correct
48761,-12.92,-2.8,-2.38,Correct
48784,-9.02,-4.08,0.9,Correct
48807,-9.93,-3.34,-0.05,Correct
48830,-8.86,-3.63,2.27,Correct
48853,-7.85,-1.49,3.55,Correct
48876,-10.73,-2.23,1.67,Correct
48899,-12.39,-0.75,0.17,Correct
48922,-6.75,0.2,4.75,Correct
48945,-8.38,0.15,4.05,Correct
48968,-8.57,-0.14,3.42,Correct
48991,-7.28,-1.71,3.93,Correct
49014,-9.1,-2.78,3.53,Correct
49037,-2.2,-1.61,7.66,Correct
49060,-3.59,-2.99,7.95,Correct
49083,-3.93,-3.25,6.98,Correct
49106,-4.96,-2.66,6.81,Correct
49129,-4.21,-3.2,6.87,Correct
49152,-4.31,-2.68,7.0,Correct
49175,-3.07,-3.32,7.29,Correct
49198,-2.61,-3.18,8.06,Correct
49221,-1.65,-3.93,7.62,Correct
49244,-1.08,-3.38,8.09,Correct
49267,0.81,-2.91,10.28,Correct
49290,2.46,-2.96,12.42,Correct
49313,0.13,-0.88,9.14,Correct
49336,2.59,-1.36,11.22,Correct
49359,3.26,-2.05,11.86,Correct
49382,4.06,-2.86,11.94,Correct
49405,4.04,-2.44,11.53,Correct
49428,4.01,-1.54,11.67,Correct
49451,3.81,-1.55,11.98,Correct
49474,2.87,-1.17,11.22,Correct
49497,2.8,-1.26,11.14,Correct
49520,2.25,-1.34,10.87,Correct
49543,1.87,-0.39,10.77,Correct
49566,1.67,-0.98,10.75,Correct
49589,1.23,-0.33,10.37,Correct
49612,1.64,-0.04,10.8,Correct
49635,2.35,-2.02,11.39,Correct
49658,2.35,-2.59,11.02,Correct
49681,0.9,-0.23,10.2,Correct
49704,-0.36,0.66,9.58,Correct
49727,-0.0,-1.67,10.08,Correct
49750,0.85,-3.35,10.68,Correct
49773,0.4,-4.67,9.82,Correct
49796,-0.07,-4.82,9.59,Correct
49819,-0.62,-3.94,9.61,Correct
49842,-0.92,-2.48,10.0,Correct
49865,0.05,-2.37,10.72,Correct
49888,-0.54,-3.23,9.94,Correct
49911,-2.32,-3.07,8.91,Correct
49934,-2.34,-1.47,8.74,Correct
49957,-2.84,-0.12,9.09,Correct
49980,-3.14,0.12,8.32,Correct
50003,-2.21,-0.59,9.08,Correct
50026,-1.14,0.19,8.61,Correct
50049,-6.07,-0.48,1.23,Correct
50072,-10.39,0.84,2.31,Correct
50095,-6.71,2.01,3.19,Correct
50118,-11.06,2.32,3.17,Correct
50141,-10.24,0.92,1.66,Correct
50164,-9.97,-1.75,1.36,Correct
50187,-14.18,-4.65,-2.41,Correct
50210,-7.53,-3.79,1.12,Correct
50233,-9.95,-4.49,1.41,Correct
50256,-8.63,-4.83,0.91,Correct
50279,-9.58,-5.5,1.04,Correct
50302,-9.43,-3.84,1.56,Correct
50325,-9.28,-3.22,2.17,Correct
50348,-9.44,-1.07,2.33,Correct
50371,-9.07,-0.56,2.78,Correct
50394,-9.96,-0.64,1.95,Correct
50417,-9.22,-2.14,2.06,Correct
50440,-8.51,-2.03,2.5,Correct
50463,-10.85,-1.64,-0.59,Correct
50486,-8.38,-1.95,2.49,Correct
50509,-10.01,-1.94,1.13,Correct
50532,-10.97,-2.24,-0.28,Correct
50555,-9.22,-2.95,0.91,Correct
50578,-10.48,-3.39,-1.13,Correct
50601,-13.47,-3.31,-5.14,Correct
50624,-11.17,-3.65,-0.39,Correct
50647,-6.49,-4.93,7.37,Correct
50670,-7.66,-1.52,4.12,Correct
50693,-10.94,-2.56,0.25,Correct
50716,-8.44,-3.22,2.94,Correct
50739,-9.52,-1.93,2.31,Correct
50762,-8.82,0.79,3.75,Correct
50785,-6.64,0.58,4.7,Correct
50808,-7.24,-1.96,4.92,Correct
50831,-6.89,-1.89,4.59,Correct
50854,-5.71,-1.09,5.32,Correct
50877,-7.01,-0.12,4.45,Correct
50900,-4.27,-1.99,6.52,Correct
50923,-3.05,-2.38,7.9,Correct
50946,-2.68,-1.89,7.38,Correct
50969,-2.32,-2.24,8.03,Correct
50992,-0.92,-1.89,8.48,Correct
51015,-1.05,-3.07,8.94,Correct
51038,1.53,-3.15,10.41,Correct
51061,0.38,-2.56,10.8,Correct
51084,3.39,-2.84,13.2,Correct
51107,-1.32,-2.73,7.53,Correct
51130,4.61,-5.85,11.6,Correct
51153,2.83,-5.39,11.05,Correct
51176,3.61,-4.67,11.22,Correct
51199,3.25,-2.9,11.6,Correct
51222,2.69,-1.88,11.78,Correct
51245,2.57,-0.96,11.63,Correct
51268,1.66,-0.1,10.97,Correct
51291,1.69,-0.14,11.28,Correct
51314,1.19,-0.03,10.97,Correct
51337,1.08,0.15,10.81,Correct
51360,0.82,-0.89,10.68,Correct
51383,0.47,-2.28,9.87,Correct
51406,-0.64,-2.59,9.12,Correct
51429,-0.02,-2.74,10.15,Correct
51452,0.29,-3.86,10.34,Correct
51475,-0.69,-4.51,9.1,Correct
51498,-0.18,-5.02,9.63,Correct
51521,-0.59,-4.19,9.83,Correct
51544,-0.79,-2.87,10.15,Correct
51567,-1.12,-2.98,9.93,Correct
51590,-0.7,-3.05,10.57,Correct
51613,-1.25,-3.75,9.55,Correct
51636,-2.2,-3.02,9.14,Correct
51659,-1.29,-1.59,9.8,Correct
51682,-2.05,-0.89,10.06,Correct
51705,-2.19,-0.74,9.19,Correct
51728,-2.53,0.29,8.72,Correct
51751,-3.28,0.96,6.5,Correct
51774,-7.78,1.64,3.35,Correct
51797,-5.44,0.94,5.17,Correct
51820,-9.17,2.25,3.25,Correct
51843,-6.35,2.02,5.15,Correct
51866,-10.37,1.7,2.23,Correct
51889,-9.28,1.16,1.8,Correct
51912,-13.06,0.35,1.2,Correct
51935,-10.98,-0.85,0.76,Correct
51958,-10.06,-4.18,0.29,Correct
51981,-8.42,-4.52,2.49,Correct
52004,-8.64,-6.01,0.81,Correct
52027,-9.57,-6.86,0.39,Correct
52050,-8.81,-6.57,0.5,Correct
52073,-7.88,-5.46,1.61,Correct
52096,-10.35,-3.0,0.13,Correct
52119,-8.62,-2.7,2.12,Correct
52142,-10.58,-2.0,0.61,Correct
52165,-9.18,-1.31,1.58,Correct
52188,-9.9,-1.6,0.9,Correct
52211,-9.74,-1.91,0.83,Correct
52234,-11.86,-2.1,-2.28,Correct
52257,-9.93,-1.89,0.46,Correct
52280,-10.45,-1.97,3.19,Correct
52303,-9.43,-1.05,2.71,Correct
52326,-9.09,-2.04,2.31,Correct
52349,-10.4,-2.57,1.87,Correct
52372,-7.94,-0.43,3.6,Correct
52395,-7.74,-0.83,4.22,Correct
52418,-8.53,-1.72,3.94,Correct
52441,-6.15,-1.94,5.64,Correct
52464,-6.29,-2.29,5.48,Correct
52487,-8.28,-0.95,4.21,Correct
52510,-5.38,-0.53,6.6,Correct
52533,-6.11,-1.16,6.19,Correct
52556,-5.06,-1.53,6.93,Correct
52579,-6.21,-1.19,5.79,Correct
52602,-5.35,-2.12,5.67,Correct
52625,-3.45,-2.47,8.05,Correct
52648,-3.5,-2.37,6.78,Correct
52671,-4.39,-2.74,6.35,Correct
52694,0.23,-3.73,8.38,Correct
52717,0.19,-4.51,8.75,Correct
52740,2.87,-5.48,12.98,Correct
52763,-0.5,-1.31,10.05,Correct
52786,1.68,-2.8,10.35,Correct
52809,2.37,-4.15,11.03,Correct
52832,2.59,-3.71,10.95,Correct
52855,3.06,-3.27,11.22,Correct
52878,3.43,-1.93,11.77,Correct
52901,2.93,-2.33,11.8,Correct
52924,2.41,-2.13,11.26,Correct
52947,2.48,-1.68,11.37,Correct
52970,2.05,-1.95,10.94,Correct
52993,1.91,-1.58,11.03,Correct
53016,1.65,-1.0,11.05,Correct
53039,1.08,-1.19,10.52,Correct
53062,1.21,-2.43,10.67,Correct
53085,1.23,-3.27,10.66,Correct
53108,1.54,-2.8,10.51,Correct
53131,0.26,-1.86,9.89,Correct
53154,-1.18,-0.84,9.16,Correct
53177,-1.08,-1.61,9.82,Correct
53200,-2.0,-2.95,9.08,Correct
53223,-1.37,-3.47,9.59,Correct
53246,-0.81,-3.46,10.38,Correct
53269,-1.26,-2.6,10.04,Correct
53292,-1.29,-2.24,10.14,Correct
53315,-2.5,-0.96,9.48,Correct
53338,-2.94,-0.62,9.07,Correct
53361,-2.96,-0.48,9.54,Correct
53384,-2.57,-0.83,10.0,Correct
53407,-1.72,-1.04,10.73,Correct
53430,-1.94,-1.97,10.01,Correct
53453,-3.74,-1.6,7.51,Correct
53476,-3.22,0.17,8.69,Correct
53499,-4.11,1.91,7.42,Correct
53522,-3.9,2.93,7.14,Correct
53545,-6.35,2.62,4.18,Correct
53568,-5.37,1.12,3.63,Correct
53591,-9.41,-0.02,2.22,Correct
53614,-9.64,-1.1,0.56,Correct
53637,-13.62,-1.34,5.04,Correct
53660,-13.01,2.87,0.24,Correct
53683,-10.98,-4.28,-0.03,Correct
53706,-7.18,-4.36,2.72,Correct
53729,-10.47,-5.36,-0.23,Correct
53752,-8.99,-4.85,1.2,Correct
53775,-9.7,-4.47,0.17,Correct
53798,-9.2,-3.92,0.59,Correct
53821,-10.13,-2.95,0.65,Correct
53844,-10.4,-2.26,0.18,Correct
53867,-9.62,-1.55,0.98,Correct
53890,-9.73,-1.07,1.42,Correct
53913,-11.16,-1.35,-0.31,Correct
53936,-10.79,-1.55,0.31,Correct
53959,-8.63,-0.05,3.19,Correct
53982,-9.39,0.22,2.82,Correct
54005,-10.26,0.05,2.72,Correct
54028,-8.36,-0.06,4.91,Correct
54051,-8.14,-0.73,4.18,Correct
54074,-9.3,-1.23,2.68,Correct
54097,-8.93,-2.39,3.04,Correct
54120,-5.46,-2.5,6.42,Correct
54143,-7.41,-2.51,5.1,Correct
54166,-8.7,-1.84,3.33,Correct
54189,-7.34,-1.94,5.32,Correct
54212,-5.78,-2.76,6.25,Correct
54235,-5.91,-3.13,5.66,Correct
54258,-6.62,-2.45,4.84,Correct
54281,-6.86,-2.46,4.91,Correct
54304,-3.73,-2.87,6.96,Correct
54327,-3.56,-3.43,6.99,Correct
54350,-2.4,-4.05,6.59,Correct
54373,-1.61,-5.09,6.56,Correct
54396,-1.27,-5.61,7.76,Correct
54419,0.27,-4.57,9.81,Correct
54442,1.95,-3.96,11.76,Correct
54465,0.33,-3.91,9.5,Correct
54488,0.77,-4.45,8.71,Correct
54511,3.83,-5.22,11.65,Correct
54534,3.13,-4.59,10.59,Correct
54557,4.26,-4.0,11.48,Correct
54580,3.51,-2.79,11.6,Correct
54603,3.37,-2.4,11.72,Correct
54626,2.62,-0.8,11.61,Correct
54649,2.08,-0.47,11.09,Correct
54672,1.91,-0.3,11.26,Correct
54695,1.33,-0.1,10.77,Correct
54718,0.8,-0.24,10.5,Correct
54741,0.33,-0.5,10.12,Correct
54764,0.36,-1.05,10.12,Correct
54787,0.54,-1.33,10.34,Correct
54810,0.7,-1.93,10.39,Correct
54833,-0.34,-3.06,9.52,Correct
54856,-0.9,-3.76,8.84,Correct
54879,-0.24,-4.25,9.67,Correct
54902,-0.05,-4.65,9.65,Correct
54925,-0.9,-4.64,8.83,Correct
54948,-0.36,-3.88,10.76,Correct
54971,-1.95,-3.5,8.94,Correct
54994,-1.97,-3.57,8.97,Correct
55017,-1.11,-2.99,10.15,Correct
55040,-0.93,-1.94,10.92,Correct
55063,-1.06,-2.38,10.61,Correct
55086,-1.62,-2.48,9.85,Correct
55109,-1.85,-1.68,10.0,Correct
55132,-1.44,-1.12,10.32,Correct
55155,-3.67,-0.27,8.02,Correct
55178,-3.4,1.53,8.84,Correct
55201,-3.91,0.49,8.07,Correct
55224,-5.16,0.96,6.47,Correct
55247,-5.96,1.92,6.33,Correct
55270,-6.19,1.97,6.07,Correct
55293,-6.14,2.43,5.33,Correct
55316,-3.47,1.26,7.45,Correct
55339,-10.91,-0.19,0.53,Correct
55362,-5.78,-0.26,3.84,Correct
55385,-7.81,-3.66,3.37,Correct
55408,-12.29,-4.55,4.15,Correct
55431,-9.4,-7.45,-0.33,Correct
55454,-10.7,-8.17,0.03,Correct
55477,-8.97,-5.47,0.34,Correct
55500,-10.26,-4.45,0.31,Correct
55523,-9.58,-3.01,-0.68,Correct
55546,-11.09,-2.28,-0.62,Correct
55569,-9.34,-1.39,1.09,Correct
55592,-9.33,-1.32,1.62,Correct
55615,-10.66,-1.39,0.25,Correct
55638,-11.64,-1.48,-0.29,Correct
55661,-9.22,-0.56,2.73,Correct
55684,-10.66,-0.96,2.53,Correct
55707,-10.11,0.3,1.75,Correct
55730,-9.0,-0.67,2.96,Correct
55753,-10.75,-0.74,2.21,Correct
55776,-8.38,-0.58,2.99,Correct
55799,-6.92,-1.7,3.68,Correct
55822,-6.79,-2.64,4.76,Correct
55845,-5.7,-1.95,5.42,Correct
55868,-6.24,-1.9,5.14,Correct
55891,-6.2,-2.16,4.23,Correct
55914,-3.72,-3.18,6.36,Correct
55937,-3.47,-2.61,5.95,Correct
55960,-2.48,-3.53,7.19,Correct
55983,-1.85,-3.47,6.6,Correct
56006,-0.22,-3.9,8.54,Correct
56029,1.27,-4.02,9.89,Correct
56052,3.13,-4.87,12.89,Correct
56075,-0.36,-3.32,8.77,Correct
56098,2.92,-5.03,9.98,Correct
56121,3.46,-6.2,10.64,Correct
56144,3.56,-5.69,10.36,Correct
56167,3.92,-3.58,11.4,Correct
56190,3.57,-1.25,11.9,Correct
56213,2.91,-1.27,11.55,Correct
56236,2.09,-1.15,11.1,Correct
